name, file_ag,method,min_ad,time,NA,ad,wl_in,onebit,epsilon_max,wl_out_full,wl_out,epsilon_frac,luts,delay,power
BULL91_32, BULL91_32_mcm.txt, mcm, false,0.020031929016113,10,2,8,109,0,15,15, 1/0,108,4.918ns,346
BULL91_32, BULL91_32_mcmad.txt, mcm, true,0.037398099899292,10,2,8,109,0,15,15, 1/0,108,4.918ns,346
BULL91_32, BULL91_32_mcmbad.txt, mcmb, true, 1800.0073339939117*,10,4,8,92,0,15,15, 1/0,98,5.987ns,388
BULL91_32, BULL91_32_tmcmad1.txt, tmcm, true, 1800.0057260990143*,10,3,8,79,64,15,8, 1/1,85,5.022ns,319
BULL91_32, BULL91_32_tmcmad2.txt, tmcm, true, 1800.0173251628876*,10,3,8,73,128,15,8, 1/2,75,5.206ns,338
BULL91_32, BULL91_32_tmcmad4.txt, tmcm, true, 1800.0057117938995*,10,4,8,91,8,15,12, 1/4,96,4.794ns,378
CHANG06_3, CHANG06_3_mcm.txt, mcm, false,9.53943085670471,6,3,8,73,0,19,19, 1/0,73,4.280ns,180
CHANG06_3, CHANG06_3_mcmad.txt, mcm, true,264.153684139252,6,3,8,73,0,19,19, 1/0,73,4.280ns,180
CHANG06_3, CHANG06_3_mcmbad.txt, mcmb, true, 1800.008467912674*,6,4,8,62,0,19,19, 1/0,65,4.453ns,179
CHANG06_3, CHANG06_3_tmcmad1.txt, tmcm, true, 1800.0554702281952*,6,4,8,50,512,19,8, 1/1,47,4.306ns,130
CHANG06_3, CHANG06_3_tmcmad2.txt, tmcm, true, 1800.0178620815277*,6,4,8,50,512,19,10, 1/2,47,4.306ns,130
CHANG06_3, CHANG06_3_tmcmad4.txt, tmcm, true, 1800.0137848854065*,6,4,8,64,16,19,15, 1/4,67,4.372ns,174
CHEN99_15, CHEN99_15_mcm.txt, mcm, false,0.603221893310547,5,3,8,68,0,21,21, 1/0,66,4.205ns,199
CHEN99_15, CHEN99_15_mcmad.txt, mcm, true,2.49210619926453,5,3,8,68,0,21,21, 1/0,66,4.205ns,199
CHEN99_15, CHEN99_15_mcmbad.txt, mcmb, true,16.4170038700104,5,3,8,68,0,21,21, 1/0,66,4.205ns,199
CHEN99_15, CHEN99_15_tmcmad1.txt, tmcm, true,250.34627699852,5,3,8,54,1024,21,8, 1/1,55,4.131ns,174
CHEN99_15, CHEN99_15_tmcmad2.txt, tmcm, true,249.140698194504,5,3,8,54,1024,21,11, 1/2,55,4.131ns,174
CHEN99_15, CHEN99_15_tmcmad4.txt, tmcm, true,34.258367061615,5,3,8,60,32,21,16, 1/4,59,4.211ns,183
CHEN99_28A, CHEN99_28A_mcm.txt, mcm, false,7.2034900188446,9,4,8,100,0,20,20, 1/0,100,5.802ns,385
CHEN99_28A, CHEN99_28A_mcmad.txt, mcm, true, 1800.0018301010132*,9,3,8,100,0,20,20, 1/0,99,6.182ns,384
CHEN99_28A, CHEN99_28A_mcmbad.txt, mcmb, true, 1800.0051119327545*,9,4,8,83,0,20,20, 1/0,87,5.810ns,373
CHEN99_28A, CHEN99_28A_tmcmad1.txt, tmcm, true, 1800.00497174263*,9,4,8,69,256,20,8, 1/1,76,6.467ns,325
CHEN99_28A, CHEN99_28A_tmcmad2.txt, tmcm, true, 1800.0041069984436*,9,4,8,60,1024,20,10, 1/2,69,5.864ns,317
CHEN99_28A, CHEN99_28A_tmcmad4.txt, tmcm, true, 1800.0065269470215*,9,4,8,80,32,20,15, 1/4,87,5.318ns,373
CHEN99_28B, CHEN99_28B_mcm.txt, mcm, false,4.02716708183289,9,4,8,114,0,19,19, 1/0, ,, 
CHEN99_28B, CHEN99_28B_mcmad.txt, mcm, true,486.771004915237,9,3,8,112,0,19,19, 1/0,111,4.769ns,372
CHEN99_28B, CHEN99_28B_mcmbad.txt, mcmb, true, 1800.0047302246094*,9,4,8,101,0,19,19, 1/0,105,6.141ns,385
CHEN99_28B, CHEN99_28B_tmcmad1.txt, tmcm, true, 1800.0341038703918*,9,3,8,61,1024,19,8, 1/1,53,4.364ns,267
CHEN99_28B, CHEN99_28B_tmcmad2.txt, tmcm, true, 1800.0166578292847*,9,3,8,67,512,19,10, 1/2,62,4.751ns,292
CHEN99_28B, CHEN99_28B_tmcmad4.txt, tmcm, true, 1800.0053026676178*,9,3,8,92,16,19,15, 1/4,97,4.561ns,352
CHENYAO01_28A, CHENYAO01_28A_mcm.txt, mcm, false,0.016875982284546,8,2,8,82,0,19,19, 1/0,83,4.564ns,279
CHENYAO01_28A, CHENYAO01_28A_mcmad.txt, mcm, true,0.028048038482666,8,2,8,82,0,19,19, 1/0,83,4.564ns,279
CHENYAO01_28A, CHENYAO01_28A_mcmbad.txt, mcmb, true, 1800.0106549263*,8,3,8,74,0,19,19, 1/0,76,4.525ns,292
CHENYAO01_28A, CHENYAO01_28A_tmcmad1.txt, tmcm, true, 1800.004369020462*,8,3,8,64,128,19,8, 1/1,74,4.681ns,290
CHENYAO01_28A, CHENYAO01_28A_tmcmad2.txt, tmcm, true, 1800.004562139511*,8,3,8,57,512,19,10, 1/2,69,4.434ns,275
CHENYAO01_28A, CHENYAO01_28A_tmcmad4.txt, tmcm, true, 1800.013640165329*,8,3,8,72,16,19,15, 1/4,76,4.730ns,272
CHENYAO01_28B, CHENYAO01_28B_mcm.txt, mcm, false,0.021372795104981,9,2,8,98,0,19,19, 1/0,97,4.624ns,318
CHENYAO01_28B, CHENYAO01_28B_mcmad.txt, mcm, true,0.069957971572876,9,2,8,98,0,19,19, 1/0,97,4.624ns,318
CHENYAO01_28B, CHENYAO01_28B_mcmbad.txt, mcmb, true, 1800.0112979412079*,9,3,8,90,0,19,19, 1/0,90,5.597ns,338
CHENYAO01_28B, CHENYAO01_28B_tmcmad1.txt, tmcm, true, 1800.0156791210175*,9,3,8,69,512,19,8, 1/1,69,5.295ns,280
CHENYAO01_28B, CHENYAO01_28B_tmcmad2.txt, tmcm, true, 1800.0047919750214*,9,3,8,69,512,19,10, 1/2,69,5.295ns,280
CHENYAO01_28B, CHENYAO01_28B_tmcmad4.txt, tmcm, true, 1800.0073990821838*,9,3,8,86,16,19,15, 1/4,86,4.791ns,308
DEMPSTER02_25, DEMPSTER02_25_mcm.txt, mcm, false, 1800.0030858516693*,20,3,8,278,0,20,20, 1/0,271,6.735ns,784
DEMPSTER02_25, DEMPSTER02_25_mcmad.txt, mcm, true, 1800.0030150413513*,20,3,8,278,0,20,20, 1/0,271,6.735ns,784
DEMPSTER02_25, DEMPSTER02_25_mcmbad.txt, mcmb, true, 1800.0044260025024*,20,6,8,233,0,20,20, 1/0,236,7.275ns,811
DEMPSTER02_25, DEMPSTER02_25_tmcmad1.txt, tmcm, true, 1800.0116519927979*,20,5,8,156,2048,20,8, 1/1,160,7.444ns,541
DEMPSTER02_25, DEMPSTER02_25_tmcmad2.txt, tmcm, true, 1800.0115373134613*,20,4,8,170,1024,20,10, 1/2,167,7.120ns,537
DEMPSTER02_25, DEMPSTER02_25_tmcmad4.txt, tmcm, true, 1800.0077650547028*,20,5,8,222,32,20,15, 1/4,227,7.368ns,724
DEMPSTER04_A3, DEMPSTER04_A3_mcm.txt, mcm, false,0.182229042053223,4,3,8,44,0,16,16, 1/0,45,3.829ns,133
DEMPSTER04_A3, DEMPSTER04_A3_mcmad.txt, mcm, true,0.71210503578186,4,3,8,44,0,16,16, 1/0,45,3.829ns,133
DEMPSTER04_A3, DEMPSTER04_A3_mcmbad.txt, mcmb, true,2.40321493148804,4,3,8,44,0,16,16, 1/0,45,3.829ns,133
DEMPSTER04_A3, DEMPSTER04_A3_tmcmad1.txt, tmcm, true,19.6205453872681,4,3,8,35,128,16,8, 1/1,38,3.972ns,115
DEMPSTER04_A3, DEMPSTER04_A3_tmcmad2.txt, tmcm, true,23.814572095871,4,3,8,33,256,16,8, 1/2,36,3.890ns,109
DEMPSTER04_A3, DEMPSTER04_A3_tmcmad4.txt, tmcm, true,22.18523478508,4,3,8,39,16,16,12, 1/4,40,3.886ns,123
DEMPSTER04_B3, DEMPSTER04_B3_mcm.txt, mcm, false,0.830450773239136,4,4,8,49,0,16,16, 1/0,50,4.629ns,153
DEMPSTER04_B3, DEMPSTER04_B3_mcmad.txt, mcm, true,1.33112382888794,4,3,8,49,0,16,16, 1/0,47,4.002ns,142
DEMPSTER04_B3, DEMPSTER04_B3_mcmbad.txt, mcmb, true,3.08156800270081,4,4,8,44,0,16,16, 1/0,46,3.956ns,143
DEMPSTER04_B3, DEMPSTER04_B3_tmcmad1.txt, tmcm, true,13.837718963623,4,4,8,38,128,16,8, 1/1,43,3.963ns,138
DEMPSTER04_B3, DEMPSTER04_B3_tmcmad2.txt, tmcm, true,24.2870688438416,4,4,8,36,256,16,8, 1/2,41,3.942ns,135
DEMPSTER04_B3, DEMPSTER04_B3_tmcmad4.txt, tmcm, true,6.54129123687744,4,4,8,41,16,16,12, 1/4,42,4.395ns,134
DEMPSTER04_C3, DEMPSTER04_C3_mcm.txt, mcm, false,256.517867803574,6,5,8,94,0,20,20, 1/0,94,5.531ns,211
DEMPSTER04_C3, DEMPSTER04_C3_mcmad.txt, mcm, true, 1800.0070180892944*,6,4,8,76,0,20,20, 1/0,76,4.341ns,195
DEMPSTER04_C3, DEMPSTER04_C3_mcmbad.txt, mcmb, true, 1800.003573179245*,7,4,8,84,0,20,20, 1/0,84,4.627ns,199
DEMPSTER04_C3, DEMPSTER04_C3_tmcmad1.txt, tmcm, true, 1800.0632100105286*,7,4,8,58,1024,20,8, 1/1,51,4.129ns,137
DEMPSTER04_C3, DEMPSTER04_C3_tmcmad2.txt, tmcm, true, 1800.0184762477875*,7,4,8,58,1024,20,10, 1/2,51,4.129ns,137
DEMPSTER04_C3, DEMPSTER04_C3_tmcmad4.txt, tmcm, true, 1800.0208940505981*,7,4,8,75,32,20,15, 1/4,77,4.338ns,181
DEMPSTER04_D3, DEMPSTER04_D3_mcm.txt, mcm, false,2.23430514335632,5,3,8,72,0,20,20, 1/0,70,3.967ns,169
DEMPSTER04_D3, DEMPSTER04_D3_mcmad.txt, mcm, true,10.8489689826965,5,3,8,72,0,20,20, 1/0,70,3.967ns,169
DEMPSTER04_D3, DEMPSTER04_D3_mcmbad.txt, mcmb, true,215.622075080872,5,3,8,72,0,20,20, 1/0,70,3.967ns,169
DEMPSTER04_D3, DEMPSTER04_D3_tmcmad1.txt, tmcm, true, 1800.0155568122864*,5,3,8,55,128,20,8, 1/1,57,3.973ns,141
DEMPSTER04_D3, DEMPSTER04_D3_tmcmad2.txt, tmcm, true, 1800.0109798908234*,5,3,8,54,256,20,10, 1/2,56,3.988ns,138
DEMPSTER04_D3, DEMPSTER04_D3_tmcmad4.txt, tmcm, true,661.39856505394,5,3,8,68,8,20,15, 1/4,68,3.990ns,164
DEMPSTER04_E3, DEMPSTER04_E3_tmcmad1.txt, tmcm, true, 1800.0237019062042*,9,4,8,85,8192,22,8, 1/1,91,4.636ns,197
DEMPSTER04_E3, DEMPSTER04_E3_tmcmad2.txt, tmcm, true, 1800.0064208507538*,9,5,8,90,2048,22,11, 1/2,92,5.177ns,174
DEMPSTER04_E3, DEMPSTER04_E3_tmcmad4.txt, tmcm, true, 1800.0124199390411*,9,5,8,112,32,22,17, 1/4,117,5.662ns,231
DEMPSTER04_F3, DEMPSTER04_F3_tmcmad1.txt, tmcm, true, 1800.0450670719147*,9,4,8,73,8192,22,8, 1/1,72,4.248ns,150
DEMPSTER04_F3, DEMPSTER04_F3_tmcmad2.txt, tmcm, true, 1800.0064630508423*,9,4,8,78,2048,22,11, 1/2,83,4.205ns,171
DEMPSTER04_F3, DEMPSTER04_F3_tmcmad4.txt, tmcm, true, 1800.010798215866**,9,4,8,110,32,22,17, 1/4,113,4.201ns,215
DEMPSTER04_G4, DEMPSTER04_G4_mcm.txt, mcm, false, 1800.001039981842**,10,3,8,132,0,22,22, 1/0,130,4.415ns,278
DEMPSTER04_G4, DEMPSTER04_G4_mcmad.txt, mcm, true, 1800.005529165268*,10,3,8,132,0,22,22, 1/0,130,4.415ns,278
DEMPSTER04_G4, DEMPSTER04_G4_mcmbad.txt, mcmb, true, 1800.0163340568542*,10,4,8,125,0,22,22, 1/0,124,4.734ns,294
DEMPSTER04_G4, DEMPSTER04_G4_tmcmad1.txt, tmcm, true, 1800.0087130069733*,10,3,8,79,4096,22,8, 1/1,90,4.612ns,200
DEMPSTER04_G4, DEMPSTER04_G4_tmcmad2.txt, tmcm, true, 1800.0067670345306*,10,3,8,85,2048,22,11, 1/2,83,4.475ns,177
DEMPSTER04_G4, DEMPSTER04_G4_tmcmad4.txt, tmcm, true, 1800.0266580581665*,10,4,8,116,32,22,17, 1/4,117,4.626ns,266
DEMPSTER04_H4, DEMPSTER04_H4_mcm.txt, mcm, false, 1800.001475095749**,10,3,8,149,0,22,22, 1/0,142,4.907ns,294
DEMPSTER04_H4, DEMPSTER04_H4_mcmad.txt, mcm, true, 1800.0071799755096*,10,3,8,149,0,22,22, 1/0,142,4.907ns,294
DEMPSTER04_H4, DEMPSTER04_H4_mcmbad.txt, mcmb, true, 1800.00679397583**,10,3,8,149,0,22,22, 1/0,142,4.907ns,294
DEMPSTER04_H4, DEMPSTER04_H4_tmcmad1.txt, tmcm, true, 1800.010754108429**,10,3,8,101,8192,22,8, 1/1,100,4.627ns,217
DEMPSTER04_H4, DEMPSTER04_H4_tmcmad2.txt, tmcm, true, 1800.0192019939423**,10,3,8,106,2048,22,11, 1/2,110,4.641ns,220
DEMPSTER04_H4, DEMPSTER04_H4_tmcmad4.txt, tmcm, true, 1800.0124397277832**,10,3,8,139,32,22,17, 1/4,135,4.723ns,271
DEMPSTER04_I5, DEMPSTER04_I5_mcm.txt, mcm, false, 1800.0059690475464*,10,3,8,141,0,20,20, 1/0,136,4.547ns,299
DEMPSTER04_I5, DEMPSTER04_I5_mcmad.txt, mcm, true, 1800.001209974289*,10,3,8,141,0,20,20, 1/0,136,4.547ns,299
DEMPSTER04_I5, DEMPSTER04_I5_mcmbad.txt, mcmb, true, 1800.0029969215393*,10,4,8,112,0,20,20, 1/0,113,5.353ns,298
DEMPSTER04_I5, DEMPSTER04_I5_tmcmad1.txt, tmcm, true, 1800.0141837596893*,10,3,8,83,2048,20,8, 1/1,82,4.665ns,202
DEMPSTER04_I5, DEMPSTER04_I5_tmcmad2.txt, tmcm, true, 1800.0075907707214*,10,3,8,90,1024,20,10, 1/2,88,4.770ns,192
DEMPSTER04_I5, DEMPSTER04_I5_tmcmad4.txt, tmcm, true, 1800.0055139064789*,10,3,8,118,32,20,15, 1/4,118,4.726ns,271
DEMPSTER04_J5, DEMPSTER04_J5_mcm.txt, mcm, false, 1800.0009081363678*,8,5,8,105,0,20,20, 1/0,103,5.758ns,318
DEMPSTER04_J5, DEMPSTER04_J5_mcmad.txt, mcm, true, 1800.006577014923*,9,3,8,112,0,20,20, 1/0,111,4.381ns,305
DEMPSTER04_J5, DEMPSTER04_J5_mcmbad.txt, mcmb, true, 1800.0070731639862*,9,5,8,105,0,20,20, 1/0,104,6.126ns,316
DEMPSTER04_J5, DEMPSTER04_J5_tmcmad1.txt, tmcm, true, 1800.06951212883*,9,5,8,84,512,20,8, 1/1,86,5.269ns,274
DEMPSTER04_J5, DEMPSTER04_J5_tmcmad2.txt, tmcm, true, 1800.0391120910645*,9,5,8,84,512,20,10, 1/2,86,5.269ns,274
DEMPSTER04_J5, DEMPSTER04_J5_tmcmad4.txt, tmcm, true, 1800.042781829834*,9,4,8,100,16,20,15, 1/4,97,5.062ns,280
DEMPSTER04_K5, DEMPSTER04_K5_mcm.txt, mcm, false, 1800.0019261837006*,10,3,8,141,0,20,20, 1/0,137,4.457ns,317
DEMPSTER04_K5, DEMPSTER04_K5_mcmad.txt, mcm, true, 1800.0078070163727*,10,3,8,141,0,20,20, 1/0,137,4.457ns,317
DEMPSTER04_K5, DEMPSTER04_K5_mcmbad.txt, mcmb, true, 1800.003802061081*,10,4,8,135,0,20,20, 1/0,133,4.916ns,323
DEMPSTER04_K5, DEMPSTER04_K5_tmcmad1.txt, tmcm, true, 1800.0109679698944*,10,3,8,84,2048,20,8, 1/1,80,4.467ns,198
DEMPSTER04_K5, DEMPSTER04_K5_tmcmad2.txt, tmcm, true, 1800.0066440105438*,10,4,8,89,1024,20,10, 1/2,87,4.638ns,216
DEMPSTER04_K5, DEMPSTER04_K5_tmcmad4.txt, tmcm, true, 1800.007259130478*,10,4,8,108,32,20,15, 1/4,113,4.718ns,291
DEMPSTER04_L5, DEMPSTER04_L5_mcm.txt, mcm, false, 1800.001250743866*,11,3,8,154,0,20,20, 1/0,150,4.523ns,348
DEMPSTER04_L5, DEMPSTER04_L5_mcmad.txt, mcm, true, 1800.0014300346375*,11,3,8,154,0,20,20, 1/0,150,4.523ns,348
DEMPSTER04_L5, DEMPSTER04_L5_mcmbad.txt, mcmb, true, 1800.0032348632812*,11,4,8,139,0,20,20, 1/0,138,4.828ns,357
DEMPSTER04_L5, DEMPSTER04_L5_tmcmad1.txt, tmcm, true, 1800.0150060653687*,11,5,8,101,2048,20,8, 1/1, ,, 
DEMPSTER04_L5, DEMPSTER04_L5_tmcmad2.txt, tmcm, true, 1800.014240026474*,11,4,8,113,1024,20,10, 1/2,116,4.771ns,290
DEMPSTER04_L5, DEMPSTER04_L5_tmcmad4.txt, tmcm, true, 1800.0142922401428*,11,4,8,133,32,20,15, 1/4,130,4.575ns,322
GAUSSIAN_3, GAUSSIAN_3_mcm.txt, mcm, false,0.018249034881592,4,2,8,43,0,16,16, 1/0,45,3.771ns,111
GAUSSIAN_3, GAUSSIAN_3_mcmad.txt, mcm, true,0.02041506767273,4,2,8,43,0,16,16, 1/0,45,3.771ns,111
GAUSSIAN_3, GAUSSIAN_3_mcmbad.txt, mcmb, true,3.59938979148865,4,2,8,40,0,16,16, 1/0,41,3.719ns,108
GAUSSIAN_3, GAUSSIAN_3_tmcmad1.txt, tmcm, true,80.2208340167999,4,2,8,24,128,16,8, 1/1,27,3.658ns,85
GAUSSIAN_3, GAUSSIAN_3_tmcmad2.txt, tmcm, true,167.356454133987,4,2,8,22,256,16,8, 1/2,26,3.715ns,78
GAUSSIAN_3, GAUSSIAN_3_tmcmad4.txt, tmcm, true,135.187412023544,4,2,8,32,16,16,12, 1/4,33,3.701ns,97
GAUSSIAN_5, GAUSSIAN_5_mcm.txt, mcm, false,15.8481659889221,5,4,8,58,0,19,19, 1/0,60,4.484ns,168
GAUSSIAN_5, GAUSSIAN_5_mcmad.txt, mcm, true,342.399649858475,5,4,8,58,0,19,19, 1/0,60,4.484ns,168
GAUSSIAN_5, GAUSSIAN_5_mcmbad.txt, mcmb, true,318.813090085983,5,4,8,57,0,19,19, 1/0,58,4.369ns,175
GAUSSIAN_5, GAUSSIAN_5_tmcmad1.txt, tmcm, true, 1800.0306541919708*,5,4,8,36,1024,19,8, 1/1,44,4.348ns,139
GAUSSIAN_5, GAUSSIAN_5_tmcmad2.txt, tmcm, true, 1800.0137429237366*,5,4,8,37,512,19,10, 1/2,37,3.907ns,117
GAUSSIAN_5, GAUSSIAN_5_tmcmad4.txt, tmcm, true, 1800.0092079639435*,5,4,8,50,16,19,15, 1/4,52,4.425ns,163
GOODMAN77_C7, GOODMAN77_C7_mcm.txt, mcm, false,0.000210762023926,1,1,8,8,0,12,12, 1/0,8,3.564ns,28
GOODMAN77_C7, GOODMAN77_C7_mcmad.txt, mcm, true,0.000225067138672,1,1,8,8,0,12,12, 1/0,8,3.564ns,28
GOODMAN77_C7, GOODMAN77_C7_mcmbad.txt, mcmb, true,0.000941276550293,1,1,8,8,0,12,12, 1/0,8,3.564ns,28
GOODMAN77_C7, GOODMAN77_C7_tmcmad1.txt, tmcm, true,0.002480268478394,1,1,8,7,8,12,8, 1/1,8,3.564ns,28
GOODMAN77_C7, GOODMAN77_C7_tmcmad2.txt, tmcm, true,0.003361225128174,1,1,8,5,64,12,6, 1/2,8,3.564ns,28
GOODMAN77_C7, GOODMAN77_C7_tmcmad4.txt, tmcm, true,0.002602100372314,1,1,8,7,8,12,9, 1/4,8,3.564ns,28
GOODMAN77_D7, GOODMAN77_D7_mcm.txt, mcm, false,0.001907825469971,2,2,8,16,0,13,13, 1/0,17,3.822ns,64
GOODMAN77_D7, GOODMAN77_D7_mcmad.txt, mcm, true,0.003016710281372,2,2,8,16,0,13,13, 1/0,17,3.822ns,64
GOODMAN77_D7, GOODMAN77_D7_mcmbad.txt, mcmb, true,0.003782987594605,2,2,8,16,0,13,13, 1/0,17,3.822ns,64
GOODMAN77_D7, GOODMAN77_D7_tmcmad1.txt, tmcm, true,0.009932279586792,2,2,8,13,16,13,8, 1/1,13,3.692ns,53
GOODMAN77_D7, GOODMAN77_D7_tmcmad2.txt, tmcm, true,0.015744209289551,2,2,8,11,64,13,7, 1/2,13,3.692ns,53
GOODMAN77_D7, GOODMAN77_D7_tmcmad4.txt, tmcm, true,0.015630006790161,2,2,8,14,8,13,10, 1/4,13,3.712ns,51
GOODMAN77_E11, GOODMAN77_E11_mcm.txt, mcm, false,0.011031866073608,3,3,8,33,0,16,16, 1/0,32,3.852ns,116
GOODMAN77_E11, GOODMAN77_E11_mcmad.txt, mcm, true,0.012803792953491,3,3,8,33,0,16,16, 1/0,34,3.913ns,115
GOODMAN77_E11, GOODMAN77_E11_mcmbad.txt, mcmb, true,0.017760992050171,3,3,8,31,0,16,16, 1/0,32,3.950ns,115
GOODMAN77_E11, GOODMAN77_E11_tmcmad1.txt, tmcm, true,0.03224778175354,3,3,8,27,64,16,8, 1/1,30,3.782ns,111
GOODMAN77_E11, GOODMAN77_E11_tmcmad2.txt, tmcm, true,0.061012029647827,3,3,8,25,256,16,8, 1/2,23,3.847ns,99
GOODMAN77_E11, GOODMAN77_E11_tmcmad4.txt, tmcm, true,0.031730890274048,3,3,8,29,16,16,12, 1/4,29,3.782ns,111
GOODMAN77_F11, GOODMAN77_F11_mcm.txt, mcm, false,0.141774892807007,5,3,8,53,0,17,17, 1/0,55,4.029ns,159
GOODMAN77_F11, GOODMAN77_F11_mcmad.txt, mcm, true,2.66681385040283,5,3,8,53,0,17,17, 1/0,55,4.029ns,159
GOODMAN77_F11, GOODMAN77_F11_mcmbad.txt, mcmb, true,23.1544842720032,5,4,8,45,0,17,17, 1/0,46,4.167ns,156
GOODMAN77_F11, GOODMAN77_F11_tmcmad1.txt, tmcm, true,1013.57816815376,5,3,8,36,128,17,8, 1/1,38,4.049ns,133
GOODMAN77_F11, GOODMAN77_F11_tmcmad2.txt, tmcm, true,1100.84924507141,5,3,8,33,256,17,9, 1/2,37,4.095ns,138
GOODMAN77_F11, GOODMAN77_F11_tmcmad4.txt, tmcm, true,386.259057998657,5,3,8,44,16,17,13, 1/4,46,4.172ns,160
GOODMAN77_G11, GOODMAN77_G11_mcm.txt, mcm, false,0.2273850440979,4,3,8,43,0,17,17, 1/0,43,3.923ns,131
GOODMAN77_G11, GOODMAN77_G11_mcmad.txt, mcm, true,0.676770925521851,4,3,8,43,0,17,17, 1/0,43,3.923ns,131
GOODMAN77_G11, GOODMAN77_G11_mcmbad.txt, mcmb, true,2.18902611732483,4,3,8,40,0,17,17, 1/0,40,3.868ns,128
GOODMAN77_G11, GOODMAN77_G11_tmcmad1.txt, tmcm, true,63.9843091964722,4,3,8,31,128,17,8, 1/1,31,3.868ns,96
GOODMAN77_G11, GOODMAN77_G11_tmcmad2.txt, tmcm, true,41.0518200397492,4,3,8,29,256,17,9, 1/2,31,3.789ns,104
GOODMAN77_G11, GOODMAN77_G11_tmcmad4.txt, tmcm, true,20.2632808685303,4,3,8,35,16,17,13, 1/4,36,3.916ns,116
GOODMAN77_H15, GOODMAN77_H15_mcm.txt, mcm, false,450.937366247177,7,2,8,76,0,18,18, 1/0,76,4.196ns,201
GOODMAN77_H15, GOODMAN77_H15_mcmad.txt, mcm, true,1469.37675404549,7,2,8,76,0,18,18, 1/0,76,4.196ns,201
GOODMAN77_H15, GOODMAN77_H15_mcmbad.txt, mcmb, true, 1800.0082039833069*,7,4,8,65,0,18,18, 1/0,68,4.362ns,202
GOODMAN77_H15, GOODMAN77_H15_tmcmad1.txt, tmcm, true, 1800.0038077831268*,7,3,8,51,256,18,8, 1/1,55,4.170ns,167
GOODMAN77_H15, GOODMAN77_H15_tmcmad2.txt, tmcm, true, 1800.024631023407*,7,3,8,47,512,18,9, 1/2,54,4.118ns,165
GOODMAN77_H15, GOODMAN77_H15_tmcmad4.txt, tmcm, true, 1800.0201482772827*,7,3,8,65,16,18,14, 1/4,67,4.511ns,199
GOODMAN77_I19, GOODMAN77_I19_mcm.txt, mcm, false,755.18420290947,7,5,8,85,0,21,21, 1/0,86,5.101ns,269
GOODMAN77_I19, GOODMAN77_I19_mcmad.txt, mcm, true, 1800.0011150836945*,9,3,8,106,0,21,21, 1/0,106,4.245ns,265
GOODMAN77_I19, GOODMAN77_I19_mcmbad.txt, mcmb, true, 1800.0045280456543**,9,3,8,99,0,21,21, 1/0,99,4.188ns,265
GOODMAN77_I19, GOODMAN77_I19_tmcmad1.txt, tmcm, true, 1800.0095591545105*,9,3,8,57,2048,21,8, 1/1,58,4.772ns,183
GOODMAN77_I19, GOODMAN77_I19_tmcmad2.txt, tmcm, true, 1800.0284779071808*,9,3,8,64,1024,21,11, 1/2,73,4.648ns,214
GOODMAN77_I19, GOODMAN77_I19_tmcmad4.txt, tmcm, true, 1800.025147676468*,9,3,8,91,32,21,16, 1/4,93,4.549ns,252
HIGHPASS_15, HIGHPASS_15_mcm.txt, mcm, false,0.030874013900757,12,2,8,122,0,17,17, 1/0,122,6.317ns,401
HIGHPASS_15, HIGHPASS_15_mcmad.txt, mcm, true,0.058781862258911,12,2,8,122,0,17,17, 1/0,122,6.317ns,401
HIGHPASS_15, HIGHPASS_15_mcmbad.txt, mcmb, true, 1800.008465051651*,12,3,8,105,0,17,17, 1/0,108,8.174ns,421
HIGHPASS_15, HIGHPASS_15_tmcmad1.txt, tmcm, true, 1800.022644996643*,12,2,8,60,256,17,8, 1/1,62,5.757ns,270
HIGHPASS_15, HIGHPASS_15_tmcmad2.txt, tmcm, true, 1800.0076670646667*,12,2,8,60,256,17,9, 1/2,62,5.757ns,270
HIGHPASS_15, HIGHPASS_15_tmcmad4.txt, tmcm, true, 1800.0053298473358*,12,2,8,93,16,17,13, 1/4,100,5.495ns,371
HIGHPASS_5, HIGHPASS_5_mcm.txt, mcm, false,0.004871129989624,4,2,8,42,0,15,15, 1/0,42,3.876ns,121
HIGHPASS_5, HIGHPASS_5_mcmad.txt, mcm, true,0.022219896316528,4,2,8,42,0,15,15, 1/0,42,3.876ns,121
HIGHPASS_5, HIGHPASS_5_mcmbad.txt, mcmb, true,1.02078700065613,4,3,8,39,0,15,15, 1/0,41,3.914ns,134
HIGHPASS_5, HIGHPASS_5_tmcmad1.txt, tmcm, true,7.87992906570435,4,2,8,25,64,15,8, 1/1,26,3.774ns,89
HIGHPASS_5, HIGHPASS_5_tmcmad2.txt, tmcm, true,10.7217299938202,4,2,8,23,128,15,8, 1/2,21,3.847ns,74
HIGHPASS_5, HIGHPASS_5_tmcmad4.txt, tmcm, true,4.02575492858887,4,2,8,33,8,15,12, 1/4,34,3.890ns,107
HIGHPASS_9, HIGHPASS_9_mcm.txt, mcm, false,0.007261753082275,5,2,8,50,0,15,15, 1/0,50,4.056ns,158
HIGHPASS_9, HIGHPASS_9_mcmad.txt, mcm, true,0.013191223144531,5,2,8,50,0,15,15, 1/0,50,4.056ns,158
HIGHPASS_9, HIGHPASS_9_mcmbad.txt, mcmb, true,5.14123582839966,5,2,8,47,0,15,15, 1/0,48,4.035ns,165
HIGHPASS_9, HIGHPASS_9_tmcmad1.txt, tmcm, true,125.543988227844,5,2,8,34,64,15,8, 1/1,40,4.002ns,146
HIGHPASS_9, HIGHPASS_9_tmcmad2.txt, tmcm, true,114.099840164185,5,2,8,31,128,15,8, 1/2,33,3.988ns,136
HIGHPASS_9, HIGHPASS_9_tmcmad4.txt, tmcm, true,60.3115510940552,5,2,8,42,8,15,12, 1/4,44,4.105ns,154
JAIN91_11, JAIN91_11_mcm.txt, mcm, false,0.000730752944946,3,1,8,24,0,17,17, 1/0,25,3.719ns,77
JAIN91_11, JAIN91_11_mcmad.txt, mcm, true,0.000741243362427,3,1,8,24,0,17,17, 1/0,25,3.719ns,77
JAIN91_11, JAIN91_11_mcmbad.txt, mcmb, true,0.051260948181152,3,1,8,24,0,17,17, 1/0,25,3.719ns,77
JAIN91_11, JAIN91_11_tmcmad1.txt, tmcm, true,1.02800798416138,3,1,8,23,8,17,8, 1/1,24,3.761ns,74
JAIN91_11, JAIN91_11_tmcmad2.txt, tmcm, true,1.76490926742554,3,1,8,15,128,17,9, 1/2,19,3.719ns,63
JAIN91_11, JAIN91_11_tmcmad4.txt, tmcm, true,0.640983819961548,3,1,8,23,8,17,13, 1/4,24,3.761ns,74
JANG02_11, JANG02_11_mcm.txt, mcm, false,0.000883102416992,3,1,8,27,0,16,16, 1/0,28,3.707ns,77
JANG02_11, JANG02_11_mcmad.txt, mcm, true,0.000737905502319,3,1,8,27,0,16,16, 1/0,28,3.707ns,77
JANG02_11, JANG02_11_mcmbad.txt, mcmb, true,0.01566481590271,3,2,8,24,0,16,16, 1/0,25,3.790ns,84
JANG02_11, JANG02_11_tmcmad1.txt, tmcm, true,0.187595844268799,3,2,8,23,4,16,8, 1/1,25,3.790ns,84
JANG02_11, JANG02_11_tmcmad2.txt, tmcm, true,0.506958723068237,3,2,8,13,256,16,8, 1/2,13,3.691ns,53
JANG02_11, JANG02_11_tmcmad4.txt, tmcm, true,0.251699924468994,3,2,8,21,16,16,12, 1/4,24,3.817ns,92
JHENG04_29A, JHENG04_29A_mcm.txt, mcm, false,8.66434478759766,9,3,8,102,0,18,18, 1/0,104,5.911ns,377
JHENG04_29A, JHENG04_29A_mcmad.txt, mcm, true, 1800.002060174942*,9,3,8,102,0,18,18, 1/0,104,5.911ns,377
JHENG04_29A, JHENG04_29A_mcmbad.txt, mcmb, true, 1800.0093710422516*,9,4,8,91,0,18,18, 1/0,95,5.198ns,381
JHENG04_29A, JHENG04_29A_tmcmad1.txt, tmcm, true, 1800.007551908493*,9,3,8,66,256,18,8, 1/1,69,4.785ns,283
JHENG04_29A, JHENG04_29A_tmcmad2.txt, tmcm, true, 1800.0351948738098*,9,3,8,59,512,18,9, 1/2,67,5.317ns,284
JHENG04_29A, JHENG04_29A_tmcmad4.txt, tmcm, true, 1800.0063338279724*,9,3,8,86,16,18,14, 1/4,92,4.834ns,345
JHENG04_29B, JHENG04_29B_mcm.txt, mcm, false,0.015319108963013,9,2,8,87,0,18,18, 1/0,87,4.470ns,299
JHENG04_29B, JHENG04_29B_mcmad.txt, mcm, true,0.030324935913086,9,2,8,87,0,18,18, 1/0,87,4.470ns,299
JHENG04_29B, JHENG04_29B_mcmbad.txt, mcmb, true, 1800.0049011707306*,9,4,8,80,0,18,18, 1/0,81,4.715ns,331
JHENG04_29B, JHENG04_29B_tmcmad1.txt, tmcm, true, 1800.0058798789978*,9,3,8,76,32,18,8, 1/1,82,4.683ns,295
JHENG04_29B, JHENG04_29B_tmcmad2.txt, tmcm, true, 1800.004242181778*,9,3,8,54,512,18,9, 1/2,67,4.839ns,260
JHENG04_29B, JHENG04_29B_tmcmad4.txt, tmcm, true, 1800.0045828819275*,9,3,8,80,16,18,14, 1/4,82,4.305ns,323
JHENG04_30, JHENG04_30_mcm.txt, mcm, false,0.017589092254639,8,2,8,88,0,17,17, 1/0,89,4.634ns,290
JHENG04_30, JHENG04_30_mcmad.txt, mcm, true,0.047455787658692,8,2,8,88,0,17,17, 1/0,89,4.634ns,290
JHENG04_30, JHENG04_30_mcmbad.txt, mcmb, true, 1800.0053539276123*,8,3,8,69,0,17,17, 1/0,73,4.632ns,307
JHENG04_30, JHENG04_30_tmcmad1.txt, tmcm, true, 1800.008218050003*,8,4,8,62,64,17,8, 1/1,68,5.413ns,292
JHENG04_30, JHENG04_30_tmcmad2.txt, tmcm, true, 1800.0112080574036*,8,3,8,52,256,17,9, 1/2,55,4.659ns,226
JHENG04_30, JHENG04_30_tmcmad4.txt, tmcm, true, 1800.0052218437195*,8,4,8,66,16,17,13, 1/4,74,5.248ns,308
JOHANSSON08_28, JOHANSSON08_28_mcm.txt, mcm, false, 1800.0093939304352*,14,3,8,171,0,20,20, 1/0,171,5.470ns,558
JOHANSSON08_28, JOHANSSON08_28_mcmad.txt, mcm, true, 1800.0018858909607*,14,3,8,171,0,20,20, 1/0,171,5.470ns,558
JOHANSSON08_28, JOHANSSON08_28_mcmbad.txt, mcmb, true, 1800.0158879756927*,14,4,8,151,0,20,20, 1/0,157,5.822ns,563
JOHANSSON08_28, JOHANSSON08_28_tmcmad1.txt, tmcm, true, 1800.0089528560638*,14,3,8,108,512,20,8, 1/1,113,6.148ns,450
JOHANSSON08_28, JOHANSSON08_28_tmcmad2.txt, tmcm, true, 1800.0541491508484*,14,3,8,94,1024,20,10, 1/2,100,5.866ns,419
JOHANSSON08_28, JOHANSSON08_28_tmcmad4.txt, tmcm, true, 1800.0032188892365*,14,3,8,139,32,20,15, 1/4,144,6.439ns,521
JOHANSSON08_30, JOHANSSON08_30_mcm.txt, mcm, false, 1800.0057327747345*,33,3,8,413,0,18,18, 1/0,407,18.333ns,1525
JOHANSSON08_30, JOHANSSON08_30_mcmad.txt, mcm, true, 1800.015342950821*,33,3,8,413,0,18,18, 1/0,407,18.333ns,1525
JOHANSSON08_30, JOHANSSON08_30_mcmbad.txt, mcmb, true, 1800.0029060840607*,33,6,8,347,0,18,18, 1/0,356,17.306ns,1549
JOHANSSON08_30, JOHANSSON08_30_tmcmad1.txt, tmcm, true, 1800.0093929767609*,33,3,8,263,512,18,8, 1/1,280,20.696ns,1219
JOHANSSON08_30, JOHANSSON08_30_tmcmad2.txt, tmcm, true, 1800.0398080348969*,33,3,8,263,512,18,9, 1/2,280,20.696ns,1219
JOHANSSON08_30, JOHANSSON08_30_tmcmad4.txt, tmcm, true, 1800.057668209076*,33,4,8,348,16,18,14, 1/4,363,12.905ns,1508
JOHANSSON08_A5, JOHANSSON08_A5_mcm.txt, mcm, false,3.27124285697937,6,3,8,69,0,18,18, 1/0,64,4.247ns,218
JOHANSSON08_A5, JOHANSSON08_A5_mcmad.txt, mcm, true,100.719827890396,6,3,8,69,0,18,18, 1/0,64,4.247ns,218
JOHANSSON08_A5, JOHANSSON08_A5_mcmbad.txt, mcmb, true,1753.3621969223,6,3,8,67,0,18,18, 1/0,65,4.074ns,201
JOHANSSON08_A5, JOHANSSON08_A5_tmcmad1.txt, tmcm, true, 1800.0521521568298*,6,3,8,52,512,18,8, 1/1,50,4.299ns,169
JOHANSSON08_A5, JOHANSSON08_A5_tmcmad2.txt, tmcm, true, 1800.0346212387085*,6,3,8,52,512,18,9, 1/2,50,4.299ns,169
JOHANSSON08_A5, JOHANSSON08_A5_tmcmad4.txt, tmcm, true, 1800.010108947754*,6,3,8,64,16,18,14, 1/4,63,4.184ns,195
JOHANSSON08_B5, JOHANSSON08_B5_mcm.txt, mcm, false,181.290516138077,7,3,8,89,0,18,18, 1/0,92,4.812ns,267
JOHANSSON08_B5, JOHANSSON08_B5_mcmad.txt, mcm, true,767.449815988541,7,3,8,89,0,18,18, 1/0,92,4.812ns,267
JOHANSSON08_B5, JOHANSSON08_B5_mcmbad.txt, mcmb, true, 1800.0008668899536*,7,4,8,86,0,18,18, 1/0,87,4.956ns,295
JOHANSSON08_B5, JOHANSSON08_B5_tmcmad1.txt, tmcm, true, 1800.044840812683*,7,3,8,65,512,18,8, 1/1,70,4.500ns,219
JOHANSSON08_B5, JOHANSSON08_B5_tmcmad2.txt, tmcm, true, 1800.0152168273926*,7,3,8,65,512,18,9, 1/2,70,4.500ns,219
JOHANSSON08_B5, JOHANSSON08_B5_tmcmad4.txt, tmcm, true, 1800.0183141231537*,7,5,8,82,16,18,14, 1/4,83,4.947ns,272
KWENTUS97_11, KWENTUS97_11_mcm.txt, mcm, false,0.01055383682251,3,3,8,33,0,16,16, 1/0,32,3.852ns,116
KWENTUS97_11, KWENTUS97_11_mcmad.txt, mcm, true,0.018266201019287,3,3,8,33,0,16,16, 1/0,34,3.913ns,115
KWENTUS97_11, KWENTUS97_11_mcmbad.txt, mcmb, true,0.013323068618775,3,3,8,31,0,16,16, 1/0,32,3.950ns,115
KWENTUS97_11, KWENTUS97_11_tmcmad1.txt, tmcm, true,0.041358947753906,3,3,8,27,64,16,8, 1/1,30,3.782ns,111
KWENTUS97_11, KWENTUS97_11_tmcmad2.txt, tmcm, true,0.061958074569702,3,3,8,25,256,16,8, 1/2,23,3.847ns,99
KWENTUS97_11, KWENTUS97_11_tmcmad4.txt, tmcm, true,0.032850742340088,3,3,8,29,16,16,12, 1/4,29,3.782ns,111
KWENTUS97_15, KWENTUS97_15_mcm.txt, mcm, false,0.194980144500732,4,3,8,46,0,21,21, 1/0,48,3.974ns,145
KWENTUS97_15, KWENTUS97_15_mcmad.txt, mcm, true,0.824437856674194,4,3,8,46,0,21,21, 1/0,48,3.974ns,145
KWENTUS97_15, KWENTUS97_15_mcmbad.txt, mcmb, true,1.84014105796814,4,3,8,46,0,21,21, 1/0,48,3.974ns,145
KWENTUS97_15, KWENTUS97_15_tmcmad1.txt, tmcm, true,69.0531568527222,4,3,8,38,128,21,8, 1/1,42,3.933ns,134
KWENTUS97_15, KWENTUS97_15_tmcmad2.txt, tmcm, true,58.9902760982513,4,3,8,36,256,21,11, 1/2,39,3.966ns,126
KWENTUS97_15, KWENTUS97_15_tmcmad4.txt, tmcm, true,12.7392656803131,4,3,8,45,8,21,16, 1/4,46,4.024ns,141
KWENTUS97_47, KWENTUS97_47_mcm.txt, mcm, false, 1800.0040991306305*,20,2,8,254,0,23,23, 1/0,247,8.045ns,695
KWENTUS97_47, KWENTUS97_47_mcmad.txt, mcm, true, 1800.0033597946167*,20,2,8,254,0,23,23, 1/0,247,8.045ns,695
KWENTUS97_47, KWENTUS97_47_mcmbad.txt, mcmb, true, 1800.0081458091736**,20,3,8,227,0,23,23, 1/0,225,7.430ns,723
KWENTUS97_47, KWENTUS97_47_tmcmad1.txt, tmcm, true, 1800.0312540531158*,20,3,8,128,8192,23,8, 1/1,140,7.942ns,477
KWENTUS97_47, KWENTUS97_47_tmcmad2.txt, tmcm, true, 1800.0177431106567**,20,2,8,154,2048,23,12, 1/2,162,8.417ns,539
KWENTUS97_47, KWENTUS97_47_tmcmad4.txt, tmcm, true, 1800.0193328857422**,20,3,8,221,32,23,18, 1/4,220,6.795ns,662
LAPLACIAN_3, LAPLACIAN_3_mcm.txt, mcm, false,0.008547782897949,3,3,8,34,0,15,15, 1/0,36,3.842ns,116
LAPLACIAN_3, LAPLACIAN_3_mcmad.txt, mcm, true,0.010856866836548,3,3,8,34,0,15,15, 1/0,36,3.842ns,116
LAPLACIAN_3, LAPLACIAN_3_mcmbad.txt, mcmb, true,0.012998819351196,3,3,8,31,0,15,15, 1/0,33,3.833ns,112
LAPLACIAN_3, LAPLACIAN_3_tmcmad1.txt, tmcm, true,0.065023899078369,3,3,8,26,64,15,8, 1/1,29,3.826ns,102
LAPLACIAN_3, LAPLACIAN_3_tmcmad2.txt, tmcm, true,0.05751895904541,3,3,8,26,128,15,8, 1/2,29,3.826ns,102
LAPLACIAN_3, LAPLACIAN_3_tmcmad4.txt, tmcm, true,0.037874221801758,3,3,8,28,8,15,12, 1/4,30,3.834ns,103
LIM83_121, LIM83_121_mcm.txt, mcm, false, 1800.0258178710938*,54,3,8,699,0,22,22, 1/0,687,3.715ns,2727
LIM83_121, LIM83_121_mcmad.txt, mcm, true, 1800.1011130809784*,54,3,8,699,0,22,22, 1/0,687,3.715ns,2727
LIM83_121, LIM83_121_mcmbad.txt, mcmb, true, 1800.067633152008**,54,5,8,621,0,22,22, 1/0,631,4.105ns,2806
LIM83_121, LIM83_121_tmcmad1.txt, tmcm, true, 1800.0142669677734*,54,3,8,304,8192,22,8, 1/1,383,4.182ns,1936
LIM83_121, LIM83_121_tmcmad2.txt, tmcm, true, 1802.0104920864105*,54,4,8,379,2048,22,11, 1/2,423,4.038ns,2044
LIM83_121, LIM83_121_tmcmad4.txt, tmcm, true, 1800.0254559516907*,54,5,8,536,32,22,17, 1/4,557,4.105ns,2718
LIM83_36, LIM83_36_mcm.txt, mcm, false,0.000794172286987,5,1,8,47,0,16,16, 1/0,48,28.245ns,130
LIM83_36, LIM83_36_mcmad.txt, mcm, true,0.000849008560181,5,1,8,47,0,16,16, 1/0,48,28.245ns,130
LIM83_36, LIM83_36_mcmbad.txt, mcmb, true,0.378708839416504,5,3,8,40,0,16,16, 1/0,42,28.593ns,150
LIM83_36, LIM83_36_tmcmad1.txt, tmcm, true,26.6269218921661,5,3,8,40,4,16,8, 1/1,42,24.876ns,150
LIM83_36, LIM83_36_tmcmad2.txt, tmcm, true,101.047107934952,5,2,8,29,128,16,8, 1/2,37,35.932ns,136
LIM83_36, LIM83_36_tmcmad4.txt, tmcm, true,119.806948900223,5,3,8,40,8,16,12, 1/4,42,34.876ns,150
LIM83_37, LIM83_37_mcm.txt, mcm, false,0.000833749771118,5,1,8,50,0,16,16, 1/0,51,3.758ns,133
LIM83_37, LIM83_37_mcmad.txt, mcm, true,0.001091957092285,5,1,8,50,0,16,16, 1/0,51,3.758ns,133
LIM83_37, LIM83_37_mcmbad.txt, mcmb, true,10.8258011341095,5,2,8,47,0,16,16, 1/0,48,3.985ns,140
LIM83_37, LIM83_37_tmcmad1.txt, tmcm, true,167.197112083435,5,2,8,43,32,16,8, 1/1,45,3.985ns,133
LIM83_37, LIM83_37_tmcmad2.txt, tmcm, true,149.187372207642,5,1,8,38,128,16,8, 1/2,36,4.044ns,101
LIM83_37, LIM83_37_tmcmad4.txt, tmcm, true,106.526033163071,5,2,8,45,8,16,12, 1/4,47,3.985ns,139
LIM83_63, LIM83_63_mcm.txt, mcm, false,200.327087402344,22,6,8,257,0,18,18, 1/0,257,4.282ns,1099
LIM83_63, LIM83_63_mcmad.txt, mcm, true, 1800.005084991455*,23,2,8,256,0,18,18, 1/0,254,4.282ns,868
LIM83_63, LIM83_63_mcmbad.txt, mcmb, true, 1800.0031859874725*,23,6,8,203,0,18,18, 1/0,210,3.819ns,949
LIM83_63, LIM83_63_tmcmad1.txt, tmcm, true, 1800.011489391327*,23,3,8,158,256,18,8, 1/1,185,3.817ns,803
LIM83_63, LIM83_63_tmcmad2.txt, tmcm, true, 1800.0756142139435*,22,3,8,139,512,18,9, 1/2,150,3.691ns,736
LIM83_63, LIM83_63_tmcmad4.txt, tmcm, true, 1800.0050032138824*,23,5,8,204,16,18,14, 1/4,213,3.787ns,942
LIM83A_36, LIM83A_36_mcm.txt, mcm, false,0.001041173934937,5,1,8,48,0,16,16, 1/0,49,11.046ns,131
LIM83A_36, LIM83A_36_mcmad.txt, mcm, true,0.000852823257446,5,1,8,48,0,16,16, 1/0,49,12.927ns,131
LIM83A_36, LIM83A_36_mcmbad.txt, mcmb, true,1.62280297279358,5,3,8,42,0,16,16, 1/0,44,12.064ns,155
LIM83A_36, LIM83A_36_tmcmad1.txt, tmcm, true,118.210656881332,5,3,8,39,16,16,8, 1/1,45,9.659ns,168
LIM83A_36, LIM83A_36_tmcmad2.txt, tmcm, true,776.472517967224,5,3,8,27,256,16,8, 1/2,33,12.793ns,125
LIM83A_36, LIM83A_36_tmcmad4.txt, tmcm, true,166.726343154907,5,3,8,39,16,16,12, 1/4,44,15.455ns,155
LIMAKT08_121, LIMAKT08_121_mcm.txt, mcm, false, 1800.0058360099792*,43,3,8,512,0,22,22, 1/0,508,17.069ns,2029
LIMAKT08_121, LIMAKT08_121_mcmad.txt, mcm, true, 1800.0254318714142*,43,3,8,512,0,22,22, 1/0,508,17.069ns,2029
LIMAKT08_121, LIMAKT08_121_mcmbad.txt, mcmb, true, 1800.013552904129**,43,4,8,416,0,22,22, 1/0,432,19.249ns,2080
LIMAKT08_121, LIMAKT08_121_tmcmad1.txt, tmcm, true, 1800.04443693161*,43,4,8,240,8192,22,8, 1/1,330,20.904ns,1793
LIMAKT08_121, LIMAKT08_121_tmcmad2.txt, tmcm, true, 1800.2543098926544*,43,4,8,320,2048,22,11, 1/2,366,17.207ns,1755
LIMAKT08_121, LIMAKT08_121_tmcmad4.txt, tmcm, true, 1800.042153120041*,43,5,8,430,32,22,17, 1/4,443,21.274ns,1950
LIMPASKO99_121, LIMPASKO99_121_mcm.txt, mcm, false, 1800.0136568546295*,54,3,8,682,0,22,22, 1/0,670,23.492ns,2671
LIMPASKO99_121, LIMPASKO99_121_mcmad.txt, mcm, true, 1800.0151019096375*,54,3,8,682,0,22,22, 1/0,670,23.492ns,2671
LIMPASKO99_121, LIMPASKO99_121_mcmbad.txt, mcmb, true, 1800.0317959785461**,54,5,8,564,0,22,22, 1/0,573,22.032ns,2697
LIMPASKO99_121, LIMPASKO99_121_tmcmad1.txt, tmcm, true, 1800.0982420444489*,54,3,8,315,8192,22,8, 1/1,409,21.225ns,2005
LIMPASKO99_121, LIMPASKO99_121_tmcmad2.txt, tmcm, true, 1800.0349009037018*,54,3,8,373,2048,22,11, 1/2,424,25.043ns,2054
LIMPASKO99_121, LIMPASKO99_121_tmcmad4.txt, tmcm, true, 1800.041913986206*,54,4,8,548,32,22,17, 1/4,566,27.209ns,2539
LIMYU07_121, LIMYU07_121_mcm.txt, mcm, false, 1800.0101790428162*,45,3,8,580,0,22,22, 1/0,571,22.504ns,2231
LIMYU07_121, LIMYU07_121_mcmad.txt, mcm, true, 1800.69012093544*,45,3,8,580,0,22,22, 1/0,571,22.504ns,2231
LIMYU07_121, LIMYU07_121_mcmbad.txt, mcmb, true, 1800.0250790119171**,45,4,8,502,0,22,22, 1/0,518,19.141ns,2302
LIMYU07_121, LIMYU07_121_tmcmad1.txt, tmcm, true, 1800.0290780067444*,45,3,8,253,8192,22,8, 1/1,308,23.305ns,1597
LIMYU07_121, LIMYU07_121_tmcmad2.txt, tmcm, true, 1800.0358703136444*,45,3,8,325,2048,22,11, 1/2,345,18.166ns,1488
LIMYU07_121, LIMYU07_121_tmcmad4.txt, tmcm, true, 1800.0658929347992**,45,4,8,500,32,22,17, 1/4,520,23.810ns,2105
LOWPASS_15, LOWPASS_15_mcm.txt, mcm, false, 1800.0084669589996*,26,6,8,313,0,19,19, 1/0,315,15.312ns,1359
LOWPASS_15, LOWPASS_15_mcmad.txt, mcm, true, 1800.0326781272888*,27,3,8,306,0,19,19, 1/0,305,12.329ns,1192
LOWPASS_15, LOWPASS_15_mcmbad.txt, mcmb, true, 1800.0035152435303*,27,4,8,250,0,19,19, 1/0,258,9.055ns,1218
LOWPASS_15, LOWPASS_15_tmcmad1.txt, tmcm, true, 1800.0324368476868*,27,3,8,150,1024,19,8, 1/1,182,16.179ns,959
LOWPASS_15, LOWPASS_15_tmcmad2.txt, tmcm, true, 1800.0148332118988*,27,4,8,175,512,19,10, 1/2,218,14.763ns,983
LOWPASS_15, LOWPASS_15_tmcmad4.txt, tmcm, true, 1800.44708776474*,27,4,8,242,16,19,15, 1/4,253,11.008ns,1161
LOWPASS_5, LOWPASS_5_mcm.txt, mcm, false,2.51750898361206,6,3,8,66,0,15,15, 1/0,68,4.236ns,213
LOWPASS_5, LOWPASS_5_mcmad.txt, mcm, true,14.6672120094299,6,3,8,66,0,15,15, 1/0,68,4.236ns,213
LOWPASS_5, LOWPASS_5_mcmbad.txt, mcmb, true,520.219505786896,6,3,8,60,0,15,15, 1/0,65,4.355ns,209
LOWPASS_5, LOWPASS_5_tmcmad1.txt, tmcm, true, 1800.0130729675293*,6,3,8,47,64,15,8, 1/1,52,4.346ns,173
LOWPASS_5, LOWPASS_5_tmcmad2.txt, tmcm, true, 1800.0059170722961*,6,3,8,44,128,15,8, 1/2,45,4.472ns,152
LOWPASS_5, LOWPASS_5_tmcmad4.txt, tmcm, true,790.779793739319,6,3,8,54,8,15,12, 1/4,58,4.278ns,193
LOWPASS_9, LOWPASS_9_mcm.txt, mcm, false,40.1243140697479,12,5,8,157,0,17,17, 1/0,154,7.266ns,537
LOWPASS_9, LOWPASS_9_mcmad.txt, mcm, true, 1800.003911972046*,12,3,8,148,0,17,17, 1/0,145,6.176ns,536
LOWPASS_9, LOWPASS_9_mcmbad.txt, mcmb, true, 1800.0103878974915*,12,3,8,137,0,17,17, 1/0,138,7.743ns,516
LOWPASS_9, LOWPASS_9_tmcmad1.txt, tmcm, true, 1800.029876947403*,13,3,8,88,256,17,8, 1/1,95,6.164ns,361
LOWPASS_9, LOWPASS_9_tmcmad2.txt, tmcm, true, 1800.0303127765656*,13,3,8,88,256,17,9, 1/2,95,6.164ns,361
LOWPASS_9, LOWPASS_9_tmcmad4.txt, tmcm, true, 1800.0049049854279*,12,3,8,114,16,17,13, 1/4,118,6.085ns,460
MARTINEZ02_4, MARTINEZ02_4_mcm.txt, mcm, false,3.47600173950195,6,3,8,83,0,18,18, 1/0,81,4.483ns,231
MARTINEZ02_4, MARTINEZ02_4_mcmad.txt, mcm, true,45.9095509052277,6,3,8,83,0,18,18, 1/0,81,4.483ns,231
MARTINEZ02_4, MARTINEZ02_4_mcmbad.txt, mcmb, true,428.34312415123,6,5,8,73,0,18,18, 1/0,74,4.832ns,241
MARTINEZ02_4, MARTINEZ02_4_tmcmad1.txt, tmcm, true, 1800.0037779808044*,6,4,8,57,512,18,8, 1/1,64,4.461ns,202
MARTINEZ02_4, MARTINEZ02_4_tmcmad2.txt, tmcm, true, 1800.0220022201538*,6,4,8,57,512,18,9, 1/2,64,4.461ns,202
MARTINEZ02_4, MARTINEZ02_4_tmcmad4.txt, tmcm, true, 1800.01802110672*,6,5,8,68,16,18,14, 1/4,70,5.234ns,225
NIELSEN89_67A, NIELSEN89_67A_mcm.txt, mcm, false, 1800.0086929798126*,32,3,8,440,0,23,23, 1/0,425,9.711ns,1458
NIELSEN89_67A, NIELSEN89_67A_mcmad.txt, mcm, true, 1800.0296187400818*,32,3,8,440,0,23,23, 1/0,425,9.711ns,1458
NIELSEN89_67A, NIELSEN89_67A_mcmbad.txt, mcmb, true, 1800.0070550441742**,32,4,8,394,0,23,23, 1/0,397,13.683ns,1454
NIELSEN89_67A, NIELSEN89_67A_tmcmad1.txt, tmcm, true, 1800.041664838791**,32,3,8,208,16384,23,8, 1/1,213,10.717ns,966
NIELSEN89_67A, NIELSEN89_67A_tmcmad2.txt, tmcm, true, 1800.151035785675*,32,3,8,248,2048,23,12, 1/2,265,13.059ns,1051
NIELSEN89_67A, NIELSEN89_67A_tmcmad4.txt, tmcm, true, 1800.727375984192*,32,4,8,348,32,23,18, 1/4,355,8.541ns,1404
NIELSEN89_67B, NIELSEN89_67B_mcm.txt, mcm, false, 1800.003992319107**,35,3,8,441,0,23,23, 1/0,428,11.211ns,1452
NIELSEN89_67B, NIELSEN89_67B_mcmad.txt, mcm, true, 1800.0040011405945**,35,3,8,441,0,23,23, 1/0,428,11.211ns,1452
NIELSEN89_67B, NIELSEN89_67B_mcmbad.txt, mcmb, true, 1800.0181601047516**,35,3,8,432,0,23,23, 1/0,422,10.705ns,1464
NIELSEN89_67B, NIELSEN89_67B_tmcmad1.txt, tmcm, true, 1800.0364592075348**,35,4,8,193,16384,23,8, 1/1,211,19.261ns,970
NIELSEN89_67B, NIELSEN89_67B_tmcmad2.txt, tmcm, true, 1800.0224409103394**,35,4,8,261,2048,23,12, 1/2,279,18.854ns,1104
NIELSEN89_67B, NIELSEN89_67B_tmcmad4.txt, tmcm, true, 1800.0230300426483**,35,5,8,361,32,23,18, 1/4,366,13.688ns,1465
POTKONJAK96_4, POTKONJAK96_4_mcm.txt, mcm, false,6.23436522483826,6,3,8,83,0,18,18, 1/0,81,4.483ns,231
POTKONJAK96_4, POTKONJAK96_4_mcmad.txt, mcm, true,50.5265991687775,6,3,8,83,0,18,18, 1/0,81,4.483ns,231
POTKONJAK96_4, POTKONJAK96_4_mcmbad.txt, mcmb, true,219.739315032959,6,5,8,73,0,18,18, 1/0,74,4.827ns,241
POTKONJAK96_4, POTKONJAK96_4_tmcmad1.txt, tmcm, true, 1800.0190253257751*,6,3,8,59,512,18,8, 1/1,62,4.544ns,172
POTKONJAK96_4, POTKONJAK96_4_tmcmad2.txt, tmcm, true, 1800.0143060684204*,6,3,8,59,512,18,9, 1/2,62,4.544ns,172
POTKONJAK96_4, POTKONJAK96_4_tmcmad4.txt, tmcm, true,1588.27022576332,6,5,8,68,16,18,14, 1/4,70,5.234ns,225
ROSA04_49, ROSA04_49_mcm.txt, mcm, false,0.05384087562561,11,2,8,105,0,17,17, 1/0,108,5.978ns,404
ROSA04_49, ROSA04_49_mcmad.txt, mcm, true,0.056688070297241,11,2,8,105,0,17,17, 1/0,108,5.978ns,404
ROSA04_49, ROSA04_49_mcmbad.txt, mcmb, true, 1800.0032980442047*,11,4,8,99,0,17,17, 1/0,102,7.029ns,429
ROSA04_49, ROSA04_49_tmcmad1.txt, tmcm, true, 1800.0173771381378*,11,3,8,79,128,17,8, 1/1,89,5.270ns,365
ROSA04_49, ROSA04_49_tmcmad2.txt, tmcm, true, 1800.011507987976*,11,3,8,73,256,17,9, 1/2,81,4.641ns,346
ROSA04_49, ROSA04_49_tmcmad4.txt, tmcm, true, 1800.0181109905243*,11,3,8,95,16,17,13, 1/4,97,5.493ns,373
SAMUELI89_60, SAMUELI89_60_mcm.txt, mcm, false, 1800.0119097232819*,28,2,8,311,0,21,21, 1/0,307,18.164ns,1114
SAMUELI89_60, SAMUELI89_60_mcmad.txt, mcm, true, 1800.0069777965546*,28,2,8,311,0,21,21, 1/0,307,18.164ns,1114
SAMUELI89_60, SAMUELI89_60_mcmbad.txt, mcmb, true, 1800.0294198989868**,28,4,8,277,0,21,21, 1/0,281,17.470ns,1168
SAMUELI89_60, SAMUELI89_60_tmcmad1.txt, tmcm, true, 1800.1582622528076*,28,4,8,177,4096,21,8, 1/1,189,8.156ns,832
SAMUELI89_60, SAMUELI89_60_tmcmad2.txt, tmcm, true, 1800.0250029563904*,28,3,8,214,1024,21,11, 1/2,233,16.943ns,965
SAMUELI89_60, SAMUELI89_60_tmcmad4.txt, tmcm, true, 1800.0295763015747*,28,4,8,273,32,21,16, 1/4,281,13.470ns,1194
SHAHEIN11_B, SHAHEIN11_B_mcm.txt, mcm, false,0.022529125213623,10,2,8,109,0,17,17, 1/0,108,4.314ns,337
SHAHEIN11_B, SHAHEIN11_B_mcmad.txt, mcm, true,0.042330026626587,10,2,8,109,0,17,17, 1/0,108,4.314ns,337
SHAHEIN11_B, SHAHEIN11_B_mcmbad.txt, mcmb, true, 1800.0046961307526*,10,4,8,83,0,17,17, 1/0,89,5.715ns,364
SHAHEIN11_B, SHAHEIN11_B_tmcmad1.txt, tmcm, true, 1800.0170550346375*,10,3,8,76,64,17,8, 1/1,85,5.523ns,329
SHAHEIN11_B, SHAHEIN11_B_tmcmad2.txt, tmcm, true, 1800.0078768730164*,10,3,8,65,256,17,9, 1/2,79,6.817ns,337
SHAHEIN11_B, SHAHEIN11_B_tmcmad4.txt, tmcm, true, 1800.0041699409485*,10,4,8,82,16,17,13, 1/4,89,6.342ns,363
SHAHEIN11_S2, SHAHEIN11_S2_mcm.txt, mcm, false,0.131368160247803,19,2,8,206,0,19,19, 1/0,206,8.174ns,770
SHAHEIN11_S2, SHAHEIN11_S2_mcmad.txt, mcm, true,0.183473110198975,19,2,8,206,0,19,19, 1/0,206,8.174ns,770
SHAHEIN11_S2, SHAHEIN11_S2_mcmbad.txt, mcmb, true, 1800.0025622844696*,19,4,8,180,0,19,19, 1/0,187,7.273ns,791
SHAHEIN11_S2, SHAHEIN11_S2_tmcmad1.txt, tmcm, true, 1800.0037817955017*,19,3,8,159,128,19,8, 1/1,175,8.859ns,714
SHAHEIN11_S2, SHAHEIN11_S2_tmcmad2.txt, tmcm, true, 1800.024486064911*,19,3,8,147,256,19,10, 1/2,160,10.572ns,665
SHAHEIN11_S2, SHAHEIN11_S2_tmcmad4.txt, tmcm, true, 1800.0036177635193*,19,4,8,179,8,19,15, 1/4,188,7.587ns,790
SHI11_A, SHI11_A_mcm.txt, mcm, false, 1800.0040919780731*,16,3,8,197,0,18,18, 1/0,193,8.031ns,680
SHI11_A, SHI11_A_mcmad.txt, mcm, true, 1800.0020840168*,16,3,8,197,0,18,18, 1/0,193,8.031ns,680
SHI11_A, SHI11_A_mcmbad.txt, mcmb, true, 1800.0115160942078*,16,4,8,156,0,18,18, 1/0,160,7.601ns,648
SHI11_A, SHI11_A_tmcmad1.txt, tmcm, true, 1800.0345299243927*,16,3,8,116,512,18,8, 1/1,130,5.614ns,528
SHI11_A, SHI11_A_tmcmad2.txt, tmcm, true, 1800.0291509628296*,16,3,8,116,512,18,9, 1/2,130,5.614ns,528
SHI11_A, SHI11_A_tmcmad4.txt, tmcm, true, 1800.0245289802551*,16,4,8,155,16,18,14, 1/4,162,7.461ns,644
SHI11_G1, SHI11_G1_mcm.txt, mcm, false,0.0019850730896,2,2,8,16,0,15,15, 1/0,17,3.822ns,64
SHI11_G1, SHI11_G1_mcmad.txt, mcm, true,0.002472877502441,2,2,8,16,0,15,15, 1/0,17,3.822ns,64
SHI11_G1, SHI11_G1_mcmbad.txt, mcmb, true,0.00308108329773,2,2,8,16,0,15,15, 1/0,17,3.822ns,64
SHI11_G1, SHI11_G1_tmcmad1.txt, tmcm, true,0.009383916854858,2,2,8,15,4,15,8, 1/1,14,3.703ns,54
SHI11_G1, SHI11_G1_tmcmad2.txt, tmcm, true,0.012224674224854,2,2,8,12,32,15,8, 1/2,11,3.586ns,45
SHI11_G1, SHI11_G1_tmcmad4.txt, tmcm, true,0.009795188903809,2,2,8,15,2,15,12, 1/4,17,3.822ns,64
SHI11_L2, SHI11_L2_mcm.txt, mcm, false, 1800.0034410953522*,18,3,8,199,0,18,18, 1/0,198,8.395ns,730
SHI11_L2, SHI11_L2_mcmad.txt, mcm, true, 1800.003121137619*,18,3,8,199,0,18,18, 1/0,198,8.395ns,730
SHI11_L2, SHI11_L2_mcmbad.txt, mcmb, true, 1800.0101401805878*,18,5,8,165,0,18,18, 1/0,172,8.263ns,778
SHI11_L2, SHI11_L2_tmcmad1.txt, tmcm, true, 1800.0137259960175*,18,4,8,121,512,18,8, 1/1,141,7.480ns,601
SHI11_L2, SHI11_L2_tmcmad2.txt, tmcm, true, 1800.0142419338226*,18,4,8,121,512,18,9, 1/2,141,7.480ns,601
SHI11_L2, SHI11_L2_tmcmad4.txt, tmcm, true, 1800.0163099765778*,18,5,8,161,16,18,14, 1/4,169,7.026ns,764
SHI11_S1_A, SHI11_S1_A_mcm.txt, mcm, false,0.004518985748291,4,2,8,34,0,15,15, 1/0,36,3.898ns,115
SHI11_S1_A, SHI11_S1_A_mcmad.txt, mcm, true,0.012233018875122,4,2,8,34,0,15,15, 1/0,36,3.898ns,115
SHI11_S1_A, SHI11_S1_A_mcmbad.txt, mcmb, true,0.107492923736572,4,2,8,32,0,15,15, 1/0,34,3.957ns,113
SHI11_S1_A, SHI11_S1_A_tmcmad1.txt, tmcm, true,9.15655112266541,4,2,8,30,8,15,8, 1/1,33,3.952ns,106
SHI11_S1_A, SHI11_S1_A_tmcmad2.txt, tmcm, true,11.0065398216248,4,2,8,22,64,15,8, 1/2,21,3.655ns,77
SHI11_S1_A, SHI11_S1_A_tmcmad4.txt, tmcm, true,4.3241400718689,4,2,8,30,4,15,12, 1/4,34,3.957ns,113
SHI11_S1_B, SHI11_S1_B_mcm.txt, mcm, false,0.001178741455078,5,1,8,47,0,15,15, 1/0,48,3.705ns,133
SHI11_S1_B, SHI11_S1_B_mcmad.txt, mcm, true,0.000895261764526,5,1,8,47,0,15,15, 1/0,48,3.705ns,133
SHI11_S1_B, SHI11_S1_B_mcmbad.txt, mcmb, true,2.488126039505,5,3,8,40,0,15,15, 1/0,42,3.953ns,152
SHI11_S1_B, SHI11_S1_B_tmcmad1.txt, tmcm, true,456.570441961288,5,2,8,32,64,15,8, 1/1,30,3.719ns,107
SHI11_S1_B, SHI11_S1_B_tmcmad2.txt, tmcm, true,250.141870737076,5,2,8,28,128,15,8, 1/2,24,3.643ns,87
SHI11_S1_B, SHI11_S1_B_tmcmad4.txt, tmcm, true,217.780288934708,5,3,8,39,8,15,12, 1/4,42,4.041ns,151
SHI11_S2, SHI11_S2_mcm.txt, mcm, false, 1800.0035059452057*,18,3,8,221,0,18,18, 1/0,220,9.469ns,786
SHI11_S2, SHI11_S2_mcmad.txt, mcm, true, 1800.013968706131*,18,3,8,221,0,18,18, 1/0,220,9.469ns,786
SHI11_S2, SHI11_S2_mcmbad.txt, mcmb, true, 1800.0126090049744*,18,4,8,178,0,18,18, 1/0,184,8.751ns,797
SHI11_S2, SHI11_S2_tmcmad1.txt, tmcm, true, 1800.0122570991516*,18,4,8,133,512,18,8, 1/1,148,7.801ns,635
SHI11_S2, SHI11_S2_tmcmad2.txt, tmcm, true, 1800.0120141506195*,18,4,8,133,512,18,9, 1/2,148,7.801ns,635
SHI11_S2, SHI11_S2_tmcmad4.txt, tmcm, true, 1800.0030660629272**,18,4,8,179,16,18,14, 1/4,189,7.115ns,785
SHI11_X1, SHI11_X1_mcm.txt, mcm, false,0.10260796546936,5,2,8,62,0,18,18, 1/0,61,4.037ns,170
SHI11_X1, SHI11_X1_mcmad.txt, mcm, true,0.077095985412598,5,2,8,62,0,18,18, 1/0,61,4.037ns,170
SHI11_X1, SHI11_X1_mcmbad.txt, mcmb, true,36.4112858772278,5,4,8,56,0,18,18, 1/0,58,4.118ns,175
SHI11_X1, SHI11_X1_tmcmad1.txt, tmcm, true,387.092638969421,5,3,8,48,256,18,8, 1/1,49,4.176ns,156
SHI11_X1, SHI11_X1_tmcmad2.txt, tmcm, true,1292.7654838562,5,3,8,46,512,18,9, 1/2,52,4.167ns,163
SHI11_X1, SHI11_X1_tmcmad4.txt, tmcm, true,378.941900014877,5,3,8,54,16,18,14, 1/4,52,4.162ns,157
SHI11_Y1, SHI11_Y1_mcm.txt, mcm, false,0.570277214050293,6,4,8,79,0,18,18, 1/0,79,4.381ns,282
SHI11_Y1, SHI11_Y1_mcmad.txt, mcm, true,1.84622001647949,6,4,8,79,0,18,18, 1/0,79,4.381ns,282
SHI11_Y1, SHI11_Y1_mcmbad.txt, mcmb, true,1.84843587875366,6,4,8,79,0,18,18, 1/0,79,4.381ns,282
SHI11_Y1, SHI11_Y1_tmcmad1.txt, tmcm, true,127.005803108215,6,4,8,53,512,18,8, 1/1,57,4.594ns,224
SHI11_Y1, SHI11_Y1_tmcmad2.txt, tmcm, true,142.991710186005,6,4,8,53,512,18,9, 1/2,57,4.594ns,224
SHI11_Y1, SHI11_Y1_tmcmad4.txt, tmcm, true,40.0784070491791,6,4,8,71,16,18,14, 1/4,73,4.385ns,272
SHI11_Y2, SHI11_Y2_mcm.txt, mcm, false,1.77915811538696,10,5,8,119,0,19,19, 1/0,119,7.304ns,458
SHI11_Y2, SHI11_Y2_mcmad.txt, mcm, true, 1800.0018463134766*,10,4,8,116,0,19,19, 1/0,116,6.012ns,447
SHI11_Y2, SHI11_Y2_mcmbad.txt, mcmb, true, 1800.0011808872223*,10,4,8,93,0,19,19, 1/0,97,6.206ns,436
SHI11_Y2, SHI11_Y2_tmcmad1.txt, tmcm, true, 1800.0035309791565*,10,4,8,84,128,19,8, 1/1,92,6.001ns,415
SHI11_Y2, SHI11_Y2_tmcmad2.txt, tmcm, true, 1800.0075159072876*,10,4,8,73,512,19,10, 1/2,85,4.880ns,405
SHI11_Y2, SHI11_Y2_tmcmad4.txt, tmcm, true, 1800.039104938507*,10,4,8,91,16,19,15, 1/4,97,6.206ns,436
UNSHARP_3-1, UNSHARP_3-1_mcm.txt, mcm, false,0.018297910690308,4,2,8,32,0,15,15, 1/0,33,3.817ns,104
UNSHARP_3-1, UNSHARP_3-1_mcmad.txt, mcm, true,0.015986919403076,4,2,8,32,0,15,15, 1/0,33,3.817ns,104
UNSHARP_3-1, UNSHARP_3-1_mcmbad.txt, mcmb, true,0.266021013259888,4,2,8,32,0,15,15, 1/0,33,3.817ns,104
UNSHARP_3-1, UNSHARP_3-1_tmcmad1.txt, tmcm, true,59.3476812839508,4,2,8,22,64,15,8, 1/1,17,3.714ns,63
UNSHARP_3-1, UNSHARP_3-1_tmcmad2.txt, tmcm, true,115.050739049912,4,2,8,19,128,15,8, 1/2,13,3.705ns,58
UNSHARP_3-1, UNSHARP_3-1_tmcmad4.txt, tmcm, true,17.3514521121979,4,2,8,29,8,15,12, 1/4,27,3.804ns,85
UNSHARP_3-2, UNSHARP_3-2_mcm.txt, mcm, false,2.00262880325317,5,3,8,61,0,19,19, 1/0,58,4.049ns,169
UNSHARP_3-2, UNSHARP_3-2_mcmad.txt, mcm, true,26.5571248531342,5,3,8,61,0,19,19, 1/0,58,4.049ns,169
UNSHARP_3-2, UNSHARP_3-2_mcmbad.txt, mcmb, true,386.053489923477,5,4,8,49,0,19,19, 1/0,49,4.436ns,167
UNSHARP_3-2, UNSHARP_3-2_tmcmad1.txt, tmcm, true, 1800.023607969284*,5,4,8,33,1024,19,8, 1/1,32,3.997ns,102
UNSHARP_3-2, UNSHARP_3-2_tmcmad2.txt, tmcm, true, 1800.0101392269135*,5,4,8,36,512,19,10, 1/2,35,4.298ns,122
UNSHARP_3-2, UNSHARP_3-2_tmcmad4.txt, tmcm, true, 1800.0185487270355*,5,4,8,45,16,19,15, 1/4,46,4.055ns,148
VINOD03_15, VINOD03_15_mcm.txt, mcm, false,12.3440990447998,6,4,8,80,0,19,19, 1/0,77,4.400ns,226
VINOD03_15, VINOD03_15_mcmad.txt, mcm, true,338.596226930618,6,3,8,69,0,19,19, 1/0,78,3.979ns,209
VINOD03_15, VINOD03_15_mcmbad.txt, mcmb, true, 1800.0036797523499*,6,3,8,69,0,19,19, 1/0,78,3.979ns,209
VINOD03_15, VINOD03_15_tmcmad1.txt, tmcm, true, 1800.083387851715*,6,4,8,51,1024,19,8, 1/1,53,4.532ns,170
VINOD03_15, VINOD03_15_tmcmad2.txt, tmcm, true, 1800.0483603477478*,6,3,8,49,512,19,10, 1/2,40,4.196ns,160
VINOD03_15, VINOD03_15_tmcmad4.txt, tmcm, true, 1800.0211391448975*,6,3,8,64,16,19,15, 1/4,76,4.095ns,204
VINOD03_26A, VINOD03_26A_mcm.txt, mcm, false,0.013842105865479,7,2,8,70,0,14,14, 1/0,70,4.190ns,224
VINOD03_26A, VINOD03_26A_mcmad.txt, mcm, true,0.018883943557739,7,2,8,70,0,14,14, 1/0,70,4.190ns,224
VINOD03_26A, VINOD03_26A_mcmbad.txt, mcmb, true,179.081231117249,7,4,8,59,0,14,14, 1/0,61,5.488ns,256
VINOD03_26A, VINOD03_26A_tmcmad1.txt, tmcm, true, 1800.0030670166016*,7,4,8,51,32,14,8, 1/1,56,4.741ns,253
VINOD03_26A, VINOD03_26A_tmcmad2.txt, tmcm, true, 1800.002652168274*,7,4,8,41,128,14,7, 1/2,56,5.308ns,232
VINOD03_26A, VINOD03_26A_tmcmad4.txt, tmcm, true, 1800.0098929405212*,7,4,8,56,8,14,11, 1/4,61,5.488ns,256
VINOD03_26B, VINOD03_26B_mcm.txt, mcm, false, 1800.0044980049133*,20,3,8,293,0,22,22, 1/0,285,8.350ns,893
VINOD03_26B, VINOD03_26B_mcmad.txt, mcm, true, 1800.0028040409088*,20,3,8,293,0,22,22, 1/0,285,8.350ns,893
VINOD03_26B, VINOD03_26B_mcmbad.txt, mcmb, true, 1800.0021958351135**,20,4,8,290,0,22,22, 1/0,283,8.386ns,887
VINOD03_26B, VINOD03_26B_tmcmad1.txt, tmcm, true, 1800.0122020244598**,20,4,8,154,8192,22,8, 1/1,164,7.242ns,619
VINOD03_26B, VINOD03_26B_tmcmad2.txt, tmcm, true, 1800.0264551639557**,20,4,8,179,2048,22,11, 1/2,183,7.762ns,667
VINOD03_26B, VINOD03_26B_tmcmad4.txt, tmcm, true, 1800.0222799777985**,20,4,8,257,32,22,17, 1/4,260,7.821ns,840
XU07_15, XU07_15_mcm.txt, mcm, false,0.943418979644775,5,4,8,63,0,20,20, 1/0,65,5.147ns,199
XU07_15, XU07_15_mcmad.txt, mcm, true,10.1137807369232,5,3,8,68,0,20,20, 1/0,70,4.145ns,200
XU07_15, XU07_15_mcmbad.txt, mcmb, true, 31.262754917144775**,5,4,8,63,0,20,20, 1/0,65,5.147ns,199
XU07_15, XU07_15_tmcmad1.txt, tmcm, true, 1800.0707142353058*,5,4,8,40,2048,20,8, 1/1,43,4.306ns,174
XU07_15, XU07_15_tmcmad2.txt, tmcm, true,1370.06593489647,5,4,8,41,1024,20,10, 1/2,45,4.264ns,160
XU07_15, XU07_15_tmcmad4.txt, tmcm, true,432.271445035935,5,4,8,55,32,20,15, 1/4,58,4.722ns,185
XU07_28, XU07_28_mcm.txt, mcm, false,2.28267407417297,8,4,8,88,0,19,19, 1/0, ,, 
XU07_28, XU07_28_mcmad.txt, mcm, true,2.08553814888,8,3,8,86,0,19,19, 1/0,87,4.632ns,349
XU07_28, XU07_28_mcmbad.txt, mcmb, true, 1800.009789943695*,8,4,8,79,0,19,19, 1/0,84,6.137ns,355
XU07_28, XU07_28_tmcmad1.txt, tmcm, true, 1800.0115659236908*,8,4,8,60,256,19,8, 1/1,66,5.198ns,310
XU07_28, XU07_28_tmcmad2.txt, tmcm, true, 1800.0243718624115*,8,4,8,57,512,19,10, 1/2,66,5.255ns,286
XU07_28, XU07_28_tmcmad4.txt, tmcm, true, 1800.029158115387*,8,4,8,74,16,19,15, 1/4,80,5.075ns,337
YEUNG04_40, YEUNG04_40_mcm.txt, mcm, false, 1800.039912223816*,28,3,8,428,0,27,27, 1/0,413,11.247ns,1307
YEUNG04_40, YEUNG04_40_mcmad.txt, mcm, true, 1800.0431370735168*,28,3,8,428,0,27,27, 1/0,413,11.247ns,1307
YEUNG04_40, YEUNG04_40_mcmbad.txt, mcmb, true, 1800.0111169815063**,28,4,8,405,0,27,27, 1/0,403,8.367ns,1329
YEUNG04_40, YEUNG04_40_tmcmad1.txt, tmcm, true, 1800.19162607193**,28,4,8,188,131072,27,8, 1/1, ,, 
YEUNG04_40, YEUNG04_40_tmcmad2.txt, tmcm, true, 1800.0424048900604**,28,4,8,261,8192,27,14, 1/2,282,11.760ns,965
YEUNG04_40, YEUNG04_40_tmcmad4.txt, tmcm, true, 1800.4278271198273**,28,4,8,381,64,27,21, 1/4,378,7.787ns,1195
YLI01_30, YLI01_30_mcm.txt, mcm, false, 1800.0020260810852*,8,2,8,88,0,18,18, 1/0,89,4.508ns,253
YLI01_30, YLI01_30_mcmad.txt, mcm, true, 1800.0011491775513*,8,2,8,88,0,18,18, 1/0,89,4.508ns,253
YLI01_30, YLI01_30_mcmbad.txt, mcmb, true, 1800.0049579143524*,8,4,8,69,0,18,18, 1/0,72,4.725ns,274
YLI01_30, YLI01_30_tmcmad1.txt, tmcm, true, 1800.0125329494476*,8,4,8,42,512,18,8, 1/1,51,4.476ns,197
YLI01_30, YLI01_30_tmcmad2.txt, tmcm, true, 1800.0042080879211*,8,4,8,42,512,18,9, 1/2,51,4.476ns,197
YLI01_30, YLI01_30_tmcmad4.txt, tmcm, true, 1800.0145750045776*,8,3,8,66,16,18,14, 1/4,71,4.659ns,254
YOSHINO90_64, YOSHINO90_64_mcm.txt, mcm, false, 1800.003881931305*,27,2,8,305,0,21,21, 1/0,302,12.335ns,1102
YOSHINO90_64, YOSHINO90_64_mcmad.txt, mcm, true, 1800.0045020580292*,27,2,8,305,0,21,21, 1/0,302,12.335ns,1102
YOSHINO90_64, YOSHINO90_64_mcmbad.txt, mcmb, true, 1800.0009117126465*,27,4,8,241,0,21,21, 1/0,250,13.810ns,1195
YOSHINO90_64, YOSHINO90_64_tmcmad1.txt, tmcm, true, 1800.0187981128693*,27,3,8,183,512,21,8, 1/1,225,12.761ns,1014
YOSHINO90_64, YOSHINO90_64_tmcmad2.txt, tmcm, true, 1800.146625995636*,27,4,8,159,1024,21,11, 1/2,195,12.106ns,882
YOSHINO90_64, YOSHINO90_64_tmcmad4.txt, tmcm, true, 1800.0018048286438*,27,3,8,242,32,21,16, 1/4,256,14.364ns,1086
ZAHOSAM89_25, ZAHOSAM89_25_mcm.txt, mcm, false,0.013455152511597,6,2,8,63,0,16,16, 1/0,64,4.323ns,189
ZAHOSAM89_25, ZAHOSAM89_25_mcmad.txt, mcm, true,0.014889001846314,6,2,8,63,0,16,16, 1/0,64,4.323ns,189
ZAHOSAM89_25, ZAHOSAM89_25_mcmbad.txt, mcmb, true,54.3022401332855,6,3,8,55,0,16,16, 1/0,58,4.221ns,198
ZAHOSAM89_25, ZAHOSAM89_25_tmcmad1.txt, tmcm, true, 1800.0109040737152*,6,2,8,47,64,16,8, 1/1,48,4.206ns,163
ZAHOSAM89_25, ZAHOSAM89_25_tmcmad2.txt, tmcm, true,1132.49389195442,6,3,8,41,256,16,8, 1/2,45,4.707ns,167
ZAHOSAM89_25, ZAHOSAM89_25_tmcmad4.txt, tmcm, true, 1800.002925157547*,6,3,8,51,16,16,12, 1/4,51,4.366ns,189
